Date,Sun,Moon,Mercury,Venus,Mars,Jupiter,Saturn,Uranus,Neptune,Pluto,True Node
01.01.1948,279.47832978,157.43787324,277.98000838,308.92139808,157.25425522,255.13770151,141.98656465,83.50478132,192.93635326,134.50874723,52.30689692
02.01.1948,280.49749229,171.74930460,279.58194115,310.15877011,157.34071420,255.35220466,141.93726018,83.46424997,192.94406925,134.49013311,52.24425795
03.01.1948,281.51674743,185.64396251,281.18957387,311.39570268,157.41551017,255.56601901,141.88643170,83.42400919,192.95120984,134.47122333,52.21558245
04.01.1948,282.53609490,199.12960481,282.80313670,312.63219539,157.47844773,255.77912753,141.83411192,83.38408577,192.95778131,134.45203329,52.21573418
05.01.1948,283.55552788,212.24422977,284.42283591,313.86824243,157.52933777,255.99151032,141.78033307,83.34450464,192.96378818,134.43257668,52.23274547
06.01.1948,284.57503331,225.04209869,286.04885338,315.10383229,157.56799822,256.20314417,141.72512617,83.30528795,192.96923241,134.41286462,52.25044774
07.01.1948,285.59459268,237.58218820,287.68134026,316.33894799,157.59425456,256.41400269,141.66852092,83.26645511,192.97411350,134.39290575,52.25170441
08.01.1948,286.61418315,249.92013088,289.32040850,317.57356784,157.60794152,256.62405683,141.61054613,83.22802304,192.97842887,134.37270659,52.22157624
09.01.1948,287.63377855,262.10361549,290.96612333,318.80766618,157.60890440,256.83327556,141.55123010,83.19000669,192.98217439,134.35227201,52.14990409
10.01.1948,288.65335061,274.17079649,292.61849517,320.04121435,157.59700068,257.04162664,141.49060129,83.15241965,192.98534510,134.33160593,52.03299175
11.01.1948,289.67287022,286.15115259,294.27747007,321.27418174,157.57210162,257.24907758,141.42868908,83.11527495,192.98793606,134.31071213,51.87423448
12.01.1948,290.69230857,298.06819706,295.94291822,322.50653680,157.53409391,257.45559647,141.36552446,83.07858584,192.98994311,134.28959504,51.68365410
13.01.1948,291.71163809,309.94337089,297.61461987,323.73824773,157.48288093,257.66115261,141.30114047,83.04236625,192.99136341,134.26826023,51.47640397
14.01.1948,292.73083307,321.80040095,299.29224868,324.96928310,157.41838384,257.86571685,141.23557249,83.00663108,192.99219575,134.24671470,51.27042974
15.01.1948,293.74987013,333.66940597,300.97535186,326.19961215,157.34054258,258.06926190,141.16885828,82.97139641,192.99244078,134.22496712,51.08360512
16.01.1948,294.76872865,345.59012828,302.66332705,327.42920514,157.24931676,258.27176249,141.10103813,82.93667961,192.99210112,134.20302791,50.93076975
17.01.1948,295.78739087,357.61382607,304.35539495,328.65803342,157.14468641,258.47319534,141.03215469,82.90249927,192.99118132,134.18090921,50.82114191
18.01.1948,296.80584182,9.80347278,306.05056742,329.88606923,157.02665247,258.67353888,140.96225254,82.86887485,192.98968750,134.15862451,50.75654709
19.01.1948,297.82406908,22.23192766,307.74761050,331.11328531,156.89523704,258.87277279,140.89137769,82.83582618,192.98762688,134.13618815,50.73080629
20.01.1948,298.84206268,34.97762056,309.44500202,332.33965469,156.75048337,259.07087760,140.81957689,82.80337294,192.98500729,134.11361481,50.73048382
21.01.1948,299.85981508,48.11712060,311.14088332,333.56515036,156.59245552,259.26783410,140.74689697,82.77153399,192.98183645,134.09091887,50.73701382
22.01.1948,300.87732065,61.71397641,312.83300420,334.78974465,156.42123684,259.46362221,140.67338341,82.74032617,192.97812086,134.06811316,50.73000920
23.01.1948,301.89457481,75.80384779,314.51866115,336.01340828,156.23692754,259.65821924,140.59907848,82.70976254,192.97386392,134.04520719,50.69131263
24.01.1948,302.91157324,90.37769290,316.19462948,337.23610978,156.03964197,259.85159833,140.52401948,82.67985083,192.96906439,134.02220557,50.60908760
25.01.1948,303.92831211,105.36768102,317.85709137,338.45781643,155.82950748,260.04372819,140.44823853,82.65059345,192.96371625,133.99910793,50.48099168
26.01.1948,304.94479004,120.64319302,319.50156166,339.67849726,155.60666656,260.23457505,140.37176490,82.62198997,192.95781095,133.97591125,50.31536598
27.01.1948,305.96101062,136.02363045,321.12281275,340.89812713,155.37128227,260.42410639,140.29462923,82.59404134,192.95134149,133.95261401,50.12971013
28.01.1948,306.97698402,151.30836264,322.71480017,342.11668973,155.12354550,260.61229424,140.21686764,82.56675396,192.94430627,133.92922013,49.94647417
29.01.1948,307.99272580,166.31451089,324.27059151,343.33417748,154.86368138,260.79911640,140.13852367,82.54014131,192.93671067,133.90574057,49.78743692
30.01.1948,309.00825318,180.90812567,325.78230524,344.55058806,154.59195312,260.98455471,140.05964702,82.51422245,192.92856552,133.88219186,49.66808954
31.01.1948,310.02358020,195.01850946,327.24106898,345.76591924,154.30866295,261.16859153,139.98029026,82.48901842,192.91988367,133.85859257,49.59415766

February,,,,,,,,,,,
01.02.1948,311.03871401,208.63507591,328.63700935,346.98016432,154.01415177,261.35120655,139.90050544,82.46454870,192.91067660,133.83495990,49.56066945
02.02.1948,312.05365348,221.79323827,329.95928595,348.19330983,153.70879856,261.53237517,139.82034221,82.44082922,192.90095260,133.81130777,49.55360007
03.02.1948,313.06838993,234.55702347,331.19618100,349.40533540,153.39302053,261.71206869,139.73984762,82.41787220,192.89071668,133.78764671,49.55327296
04.02.1948,314.08290885,247.00351626,332.33525486,350.61621488,153.06727314,261.89025538,139.65906684,82.39568690,192.87997153,133.76398471,49.53847344
05.02.1948,315.09719158,259.21116249,333.36357652,351.82591757,152.73204999,262.06690158,139.57804395,82.37428053,192.86871837,133.74032809,49.49042092
06.02.1948,316.11121658,271.25203792,334.26803557,353.03440917,152.38788197,262.24197251,139.49682258,82.35365893,192.85695773,133.71668225,49.39598772
07.02.1948,317.12496048,283.18746664,335.03573958,354.24165265,152.03533631,262.41543301,139.41544638,82.33382714,192.84469003,133.69305222,49.24978189
08.02.1948,318.13839909,295.06632708,335.65449530,355.44760905,151.67501531,262.58724825,139.33395962,82.31479008,192.83191627,133.66944338,49.05490881
09.02.1948,319.15150823,306.92555108,336.11336720,356.65223814,151.30755482,262.75738447,139.25240771,82.29655310,192.81863864,133.64586197,48.82238806
10.02.1948,320.16426440,318.79243664,336.40329827,357.85549889,150.93362209,262.92580935,139.17083747,82.27912241,192.80486091,133.62231555,48.56934809
11.02.1948,321.17664527,330.68836157,336.51777171,359.05734976,150.55391317,263.09249238,139.08929727,82.26250522,192.79058859,133.59881312,48.31627042
12.02.1948,322.18863009,342.63335706,336.45347924,0.25774890,150.16914979,263.25740496,139.00783702,82.24670983,192.77582909,133.57536527,48.08369623
13.02.1948,323.20020004,354.65084926,336.21095080,1.45665425,149.78007592,263.42052059,138.92650810,82.23174573,192.76059175,133.55198419,47.88890330
14.02.1948,324.21133840,6.77181032,335.79508592,2.65402360,149.38745378,263.58181469,138.84536314,82.21762334,192.74488761,133.52868347,47.74307234
15.02.1948,325.22203038,19.03759368,335.21551598,3.84981411,148.99205931,263.74126422,138.76445534,82.20435353,192.72872896,133.50547759,47.64938772
16.02.1948,326.23226274,31.50081986,334.48672276,5.04398182,148.59467727,263.89884690,138.68383764,82.19194688,192.71212852,133.48238116,47.60238785
17.02.1948,327.24202350,44.22373848,333.62784782,6.23648107,148.19609604,264.05454058,138.60356190,82.18041291,192.69509870,133.45940815,47.58872858
18.02.1948,328.25130164,57.27347584,332.66215329,7.42726402,147.79710234,264.20832252,138.52367796,82.16975931,192.67765083,133.43657111,47.58935547
19.02.1948,329.26008689,70.71357331,331.61613750,8.61628022,147.39847544,264.36016842,138.44423260,82.15999105,192.65979416,133.41388020,47.58288043
20.02.1948,330.26836932,84.59151487,330.51836279,9.80347609,147.00098118,264.51005136,138.36526824,82.15110917,192.64153470,133.39134201,47.54971985
21.02.1948,331.27613951,98.92299697,329.39810469,10.98879511,146.60536651,264.65794089,138.28682208,82.14311013,192.62287440,133.36895883,47.47629487
22.02.1948,332.28338991,113.67588459,328.28396703,12.17217976,146.21235598,264.80380353,138.20892666,82.13598650,192.60381173,133.34672922,47.35834697
23.02.1948,333.29011778,128.75964890,327.20261357,13.35357524,145.82265146,264.94760509,138.13161247,82.12972965,192.58434427,133.32465069,47.20228465
24.02.1948,334.29632847,144.02753092,326.17774271,14.53293427,145.43693487,265.08931397,138.05491187,82.12433374,192.56447238,133.30272345,47.02399759
25.02.1948,335.30203707,159.29570503,325.22938440,15.71022037,145.05587223,265.22890382,137.97886247,82.11979891,192.54420238,133.28095366,46.84487841
26.02.1948,336.30726676,174.37583931,324.37354298,16.88540766,144.68011664,265.36635379,137.90350814,82.11613208,192.52354720,133.25935409,46.68647998
27.02.1948,337.31204398,189.10954170,323.62216094,18.05847696,144.31030865,265.50164600,137.82889702,82.11334470,192.50252410,133.23794194,46.56512137
28.02.1948,338.31639242,203.39207446,322.98334352,19.22940981,143.94707389,265.63476173,137.75507789,82.11144878,192.48115096,133.21673495,46.48819365
29.02.1948,339.32032840,217.17940500,322.46176750,20.39818315,143.59101958,265.76567825,137.68209685,82.11045347,192.45944290,133.19574809,46.45305140

March,,,,,,,,,,,
01.03.1948,340.32385914,230.48111292,322.05919563,21.56476659,143.24273125,265.89436777,137.60999580,82.11036348,192.43741092,133.17499205,46.44830706
02.03.1948,341.32698362,243.34595162,321.77502773,22.72912214,142.90277050,266.02079819,137.53881286,82.11117945,192.41506244,133.15447372,46.45682767
03.03.1948,342.32969472,255.84628472,321.60683608,23.89120548,142.57167334,266.14493492,137.46858359,82.11289938,192.39240273,133.13419762,46.45949136
04.03.1948,343.33198137,268.06488509,321.55085072,25.05096737,142.24994867,266.26674235,137.39934220,82.11551985,192.36943626,133.11416717,46.43887201
05.03.1948,344.33382994,280.08515977,321.60237676,26.20835467,141.93807686,266.38618486,137.33112226,82.11903687,192.34616753,133.09438555,46.38225737
06.03.1948,345.33522530,291.98455312,321.75613848,27.36331103,141.63650845,266.50322740,137.26395713,82.12344642,192.32260158,133.07485618,46.28362993
07.03.1948,346.33615154,303.83049707,322.00655304,28.51577743,141.34566338,266.61783608,137.19788033,82.12874482,192.29874441,133.05558316,46.14442608
08.03.1948,347.33659259,315.67837215,322.34794067,29.66569258,141.06593051,266.72997860,137.13292591,82.13492924,192.27460346,133.03657169,45.97305512
09.03.1948,348.33653264,327.57116655,322.77468074,30.81299309,140.79766732,266.83962466,137.06912866,82.14199792,192.25018782,133.01782835,45.78331911
10.03.1948,349.33595641,339.54067850,323.28132296,31.95761339,140.54119956,266.94674610,137.00652414,82.14995027,192.22550836,132.99936121,45.59202306
11.03.1948,350.33484933,351.61010725,323.86266305,33.09948562,140.29682100,267.05131709,136.94514868,82.15878692,192.20057778,132.98117979,45.41617598
12.03.1948,351.33319771,3.79773059,324.51379071,34.23853935,140.06479305,267.15331408,136.88503915,82.16850956,192.17541043,132.96329502,45.27022847
13.03.1948,352.33098874,16.12112618,325.23011645,35.37470113,139.84534430,267.25271559,136.82623257,82.17912067,192.15002203,132.94571883,45.16376457
14.03.1948,353.32821025,28.60117976,326.00738263,36.50789378,139.63866984,267.34950162,136.76876530,82.19062274,192.12442891,132.92846346,45.09998353
15.03.1948,354.32485024,41.26500984,326.84166316,37.63803551,139.44493044,267.44365270,136.71267198,82.20301732,192.09864704,132.91154046,45.07519824
16.03.1948,355.32089643,54.14695165,327.72935539,38.76503910,139.26425187,267.53514899,136.65798445,82.21630407,192.07269097,132.89495969,45.07945699
17.03.1948,356.31633610,67.28687278,328.66716707,39.88881141,139.09672475,267.62396945,136.60473088,82.23047993,192.04657302,132.87872847,45.09826169
18.03.1948,357.31115622,80.72529979,329.65210036,41.00925320,138.94240472,267.71009129,136.55293511,82.24553860,192.02030265,132.86285102,45.11519548
19.03.1948,358.30534385,94.49520503,330.68143421,42.12625949,138.80131320,267.79348956,136.50261629,82.26147023,191.99388613,132.84732815,45.11508417
20.03.1948,359.29888732,108.61102448,331.75270662,43.23972078,138.67343919,267.87413737,136.45378924,82.27826187,191.96732679,132.83215754,45.08712851
21.03.1948,0.29177836,123.05672670,332.86369771,44.34952555,138.55874254,267.95200707,136.40646578,82.29589886,191.94062641,132.81733516,45.02731030
22.03.1948,1.28401517,137.77637014,334.01241412,45.45556418,138.45715920,268.02707244,136.36065743,82.31436751,191.91378766,132.80285783,44.93932638
23.03.1948,2.27560539,152.67169171,335.19707393,46.55773319,138.36860759,268.09931126,136.31637843,82.33365806,191.88681700,132.78872613,44.83365267
24.03.1948,3.26656734,167.61033452,336.41609114,47.65593803,138.29299482,268.16870666,136.27364787,82.35376667,191.85972650,132.77494629,44.72493287
25.03.1948,4.25692818,182.44459350,337.66805843,48.75009291,138.23022095,268.23524643,136.23248957,82.37469507,191.83253348,132.76152989,44.62826043
26.03.1948,5.24671930,197.03554335,338.95172891,49.84011732,138.18018065,268.29892013,136.19292974,82.39644792,191.80525791,132.74849117,44.55561213
27.03.1948,6.23597047,211.27462367,340.26599840,50.92593072,138.14276292,268.35971556,136.15499351,82.41902918,191.77791882,132.73584356,44.51329289
28.03.1948,7.22470531,225.09638945,341.60989028,52.00744754,138.11785000,268.41761617,136.11870226,82.44243916,191.75053163,132.72359676,44.50101402
29.03.1948,8.21293922,238.48073033,342.98254420,53.08457464,138.10531698,268.47260055,136.08407261,82.46667359,191.72310723,132.71175592,44.51257914
30.03.1948,9.20067999,251.44701226,344.38320796,54.15720919,138.10503222,268.52464372,136.05111728,82.49172434,191.69565298,132.70032246,44.53770671
31.03.1948,10.18792966,264.04418285,345.81123142,55.22524083,138.11685832,268.57371925,136.01984662,82.51758116,191.66817442,132.68929580,44.56440554

April,,,,,,,,,,,
01.04.1948,11.17468657,276.34024946,347.26606094,56.28855177,138.14065300,268.61980102,135.99027004,82.54423313,191.64067678,132.67867486,44.58135936
02.04.1948,12.16094682,288.41305358,348.74723368,57.34701764,138.17626961,268.66286432,135.96239683,82.57166954,191.61316593,132.66845895,44.57991033
03.04.1948,13.14670521,300.34298209,350.25437185,58.40050777,138.22355751,268.70288645,135.93623651,82.59988036,191.58564878,132.65864819,44.55537804
04.04.1948,14.13195579,312.20752132,351.78717686,59.44888535,138.28236252,268.73984704,135.91179902,82.62885649,191.55813351,132.64924378,44.50758323
05.04.1948,15.11669233,324.07731461,353.34542383,60.49200739,138.35252747,268.77372834,135.88909494,82.65858995,191.53062979,132.64024818,44.44057228
06.04.1948,16.10090847,336.01341815,354.92895601,61.52972449,138.43389276,268.80451547,135.86813561,82.68907406,191.50314893,132.63166528,44.36165711
07.04.1948,17.08459786,348.06560994,356.53767920,62.56188039,138.52629670,268.83219659,135.84893312,82.72030346,191.47570391,132.62350042,44.27997911
08.04.1948,18.06775405,0.27175251,358.17155604,63.58831119,138.62957561,268.85676295,135.83150025,82.75227407,191.44830932,132.61576035,44.20486162
09.04.1948,19.05037034,12.65827382,359.83059994,64.60884441,138.74356363,268.87820882,135.81585018,82.78498284,191.42098112,132.60845295,44.14422803
10.04.1948,20.03243950,25.24175479,1.51486845,65.62329764,138.86809206,268.89653112,135.80199589,82.81842718,191.39373613,132.60158676,44.10333191
11.04.1948,21.01395317,38.03140580,3.22445568,66.63147701,139.00298816,268.91172865,135.78994918,82.85260410,191.36659103,132.59516997,44.08398350
12.04.1948,21.99490127,51.03193972,4.95948366,67.63317543,139.14807369,268.92380095,135.77971936,82.88750898,191.33956120,132.58920925,44.08437985
13.04.1948,22.97527150,64.24611550,6.72009275,68.62817127,139.30316355,268.93274718,135.77131204,82.92313438,191.31265943,132.58370854,44.09956326
14.04.1948,23.95504949,77.67614322,8.50643098,69.61622766,139.46806500,268.93856537,135.76472836,82.95946938,191.28589522,132.57866828,44.12244307
15.04.1948,24.93421968,91.32328326,10.31864244,70.59709282,139.64257793,268.94125226,135.75996490,82.99649960,191.25927462,132.57408542,44.14522367
16.04.1948,25.91276692,105.18532864,12.15685413,71.57050153,139.82649610,268.94080391,135.75701449,83.03420795,191.23280101,132.56995413,44.16099294
17.04.1948,26.89067875,119.25223213,14.02116111,72.53617743,140.01960941,268.93721685,135.75586769,83.07257615,191.20647641,132.56626724,44.16512946
18.04.1948,27.86794812,133.50081765,15.91160897,73.49383613,140.22170707,268.93048979,135.75651488,83.11158682,191.18030351,132.56301825,44.15613188
19.04.1948,28.84457590,147.89016831,17.82817325,74.44318864,140.43258111,268.92062538,135.75894849,83.15122559,191.15428766,132.56020343,44.13578203
20.04.1948,29.82057275,162.35962184,19.77073437,75.38394426,140.65202976,268.90763145,135.76316478,83.19148276,191.12843847,132.55782342,44.10837292
21.04.1948,30.79595905,176.83097635,21.73904735,76.31581193,140.87985970,268.89152095,135.76916432,83.23235367,191.10277012,132.55588360,44.07952423
22.04.1948,31.77076283,191.21536151,23.73270573,77.23849955,141.11588670,268.87231040,135.77695088,83.27383735,191.07730000,132.55439272,44.05457216
23.04.1948,32.74501581,205.42359902,25.75110030,78.15171100,141.35993467,268.85001713,135.78652900,83.31593386,191.05204612,132.55336030,44.03739718
24.04.1948,33.71874891,219.37753233,27.79337462,79.05514205,141.61183390,268.82465650,135.79790119,83.35864137,191.02702431,132.55279377,44.02970762
25.04.1948,34.69198868,233.01952674,29.85837967,79.94847636,141.87141956,268.79624028,135.81106611,83.40195421,191.00224633,132.55269659,44.03098552
26.04.1948,35.66475569,246.31820479,31.94463013,80.83138260,142.13853104,268.76477672,135.82601825,83.44586244,190.97771967,132.55306792,44.03898486
27.04.1948,36.63706475,259.26991021,34.05026461,81.70351292,142.41301216,268.73027215,135.84274900,83.49035296,190.95344869,132.55390379,44.05053704
28.04.1948,37.60892624,271.89661484,36.17301063,82.56450233,142.69471178,268.69273304,135.86124824,83.53541118,190.92943642,132.55519874,44.06242261
29.04.1948,38.58034762,284.24157702,38.31014822,83.41396835,142.98348418,268.65216784,135.88150576,83.58102247,190.90568601,132.55694742,44.07209982
30.04.1948,39.55133464,296.36403395,40.45867151,84.25151052,143.27918905,268.60858809,135.90351206,83.62717304,190.88220170,132.55914536,44.07815246

May,,,,,,,,,,,
01.05.1948,40.52189199,308.33384405,42.61477993,85.07670965,143.58169118,268.56200894,135.92725871,83.67385037,190.85898911,132.56178945,44.08040964
02.05.1948,41.49202373,320.22654935,44.77459716,85.88912707,143.89086014,268.51244934,135.95273834,83.72104327,190.83605540,132.56487795,44.07976064
03.05.1948,42.46173349,332.11897277,46.93375870,86.68830375,144.20657000,268.45993212,135.97994472,83.76874191,190.81340923,132.56841056,44.07773715
04.05.1948,43.43102456,344.08525606,49.08761853,87.47375930,144.52869914,268.40448410,136.00887272,83.81693785,190.79106082,132.57238843,44.07597471
05.05.1948,44.39989978,356.19318570,51.23133280,88.24499061,144.85713000,268.34613611,136.03951823,83.86562398,190.76902183,132.57681406,44.07568666
06.05.1948,45.36836127,8.50071607,53.35996451,89.00147024,145.19174865,268.28492297,136.07187800,83.91479435,190.74730525,132.58169120,44.07727666
07.05.1948,46.33640991,21.05273948,55.46859555,89.74264421,145.53244407,268.22088331,136.10594929,83.96444385,190.72592507,132.58702448,44.08018249
08.05.1948,47.30404469,33.87834503,57.55243737,90.46792934,145.87910688,268.15405904,136.14172913,84.01456753,190.70489561,132.59281877,44.08299605
09.05.1948,48.27126165,46.98897018,59.60693133,91.17671011,146.23162760,268.08449440,136.17921313,84.06515951,190.68423039,132.59907804,44.08384703
10.05.1948,49.23805286,60.37792028,61.62783186,91.86833538,146.58989435,268.01223457,136.21839398,84.11621150,190.66394063,132.60580391,44.08097525
11.05.1948,50.20440583,74.02162054,63.61126745,92.54211594,146.95379091,267.93732436,136.25926007,84.16771157,190.64403399,132.61299434,44.07336167
12.05.1948,51.17030405,87.88265855,65.55377802,93.19732361,147.32319573,267.85980756,136.30179497,84.21964367,190.62451395,132.62064312,44.06124417
13.05.1948,52.13572890,101.91422355,67.45232936,93.83319267,147.69798247,267.77972735,136.34597810,84.27198842,190.60538049,132.62874058,44.04632474
14.05.1948,53.10066275,116.06509764,69.30430697,94.44892331,148.07802212,267.69712775,136.39178671,84.32472498,190.58663187,132.63727543,44.03153801
15.05.1948,54.06509245,130.28414303,71.10749262,95.04368649,148.46318614,267.61205564,136.43919834,84.37783358,190.56826703,132.64623718,44.02041176
16.05.1948,55.02901240,144.52336051,72.86002748,95.61662912,148.85334954,267.52456247,136.48819319,84.43129774,190.55028772,132.65561835,44.01603372
17.05.1948,55.99242628,158.73908882,74.56036579,96.16687855,149.24839334,267.43470512,136.53875556,84.48510562,190.53269978,132.66541577,44.02006352
18.05.1948,56.95534715,172.89154844,76.20722301,96.69354592,149.64820577,267.34254558,136.59087400,84.53925000,190.51551314,132.67563060,44.03203444
19.05.1948,57.91779613,186.94348656,77.79952191,97.19572816,150.05268223,267.24814957,136.64454032,84.59372717,190.49874066,132.68626719,44.04917319
20.05.1948,58.87979975,200.85891581,79.33633967,97.67250907,150.46172427,267.15158438,136.69974772,84.64853487,190.48239617,132.69733104,44.06683795
21.05.1948,59.84138683,214.60283712,80.81685817,98.12295963,150.87523816,267.05291664,136.75648858,84.70366998,190.46649219,132.70882658,44.07949683
22.05.1948,60.80258553,228.14243358,82.24031961,98.54613835,151.29313344,266.95221058,136.81475272,84.75912661,190.45103819,132.72075532,44.08193300
23.05.1948,61.76342129,241.44967688,83.60598816,98.94109225,151.71532222,266.84952739,136.87452649,84.81489522,190.43603970,132.73311496,44.07041023
24.05.1948,62.72391594,254.50479367,84.91311855,99.30685886,152.14171919,266.74492590,136.93579308,84.87096278,190.42149868,132.74589970,44.04355292
25.05.1948,63.68408797,267.29974852,86.16093110,99.64246939,152.57224233,266.63846405,136.99853366,84.92731398,190.40741480,132.75910148,44.00275886
26.05.1948,64.64395340,279.84092907,87.34859272,99.94695312,153.00681368,266.53020076,137.06272884,84.98393277,190.39378698,132.77271147,43.95207703
27.05.1948,65.60352670,292.15049174,88.47520315,100.21934257,153.44535997,266.42019747,137.12835991,85.04080356,190.38061473,132.78672141,43.89757934
28.05.1948,66.56282145,304.26622694,89.53978591,100.45867978,153.88781259,266.30851905,137.19540952,85.09791207,190.36789891,132.80112439,43.84632777
29.05.1948,67.52185068,316.24012813,90.54128401,100.66402356,154.33410739,266.19523412,137.26386192,85.15524555,190.35564204,132.81591508,43.80510576
30.05.1948,68.48062704,328.13600613,91.47856045,100.83445812,154.78418425,266.08041513,137.33370295,85.21279286,190.34384829,132.83108982,43.77913114
31.05.1948,69.43916281,340.02645765,92.35040374,100.96910302,155.23798667,265.96413826,137.40491994,85.27054435,190.33252340,132.84664649,43.77097784

June,,,,,,,,,,,
01.06.1948,70.39746982,351.98934185,93.15553846,101.06712439,155.69546148,265.84648318,137.47750149,85.32849172,190.32167453,132.86258434,43.77990447
02.06.1948,71.35555917,4.10372999,93.89264139,101.12774723,156.15655842,265.72753294,137.55143732,85.38662785,190.31131004,132.87890385,43.80173273
03.06.1948,72.31344074,16.44514793,94.56036310,101.15026863,156.62122965,265.60737363,137.62671793,85.44494649,190.30143923,132.89560640,43.82934244
04.06.1948,73.27112256,29.07990795,95.15735582,101.13407168,157.08942910,265.48609408,137.70333419,85.50344184,190.29207197,132.91269389,43.85375826
05.06.1948,74.22860970,42.05850668,95.68230756,101.07863999,157.56111125,265.36378519,137.78127653,85.56210791,190.28321793,132.93016806,43.86570771
06.06.1948,75.18590284,55.40852042,96.13398314,100.98357263,158.03622931,265.24053875,137.86053371,85.62093719,190.27488540,132.94802918,43.85743819
07.06.1948,76.14299669,69.12813382,96.51127281,100.84860017,158.51473289,265.11644580,137.94109108,85.67991918,190.26707968,132.96627455,43.82449006
08.06.1948,77.09987905,83.18221269,96.81324986,100.67360303,158.99656582,264.99159517,138.02292925,85.73903906,190.25980172,132.98489713,43.76703990
09.06.1948,78.05653158,97.50315315,97.03923840,100.45863351,159.48166537,264.86607302,138.10602387,85.79827762,190.25304789,133.00388538,43.69039884
10.06.1948,79.01293267,111.99799342,97.18889167,100.20394237,159.96996344,264.73996378,138.19034715,85.85761287,190.24681152,133.02322480,43.60433103
11.06.1948,79.96906203,126.56126036,97.26227968,99.91000862,160.46138960,264.61335246,138.27587084,85.91702301,190.24108562,133.04290079,43.52110764
12.06.1948,80.92490535,141.09050573,97.25998271,99.57757014,160.95587484,264.48632700,138.36256945,85.97648969,190.23586600,133.06290178,43.45269939
13.06.1948,81.88045750,155.50004921,97.18318633,99.20765143,161.45335456,264.35897967,138.45042239,86.03600014,190.23115317,133.08322116,43.40784196
14.06.1948,82.83572337,169.72916601,97.03377292,98.80158564,161.95376984,264.23140670,138.53941422,86.09554765,190.22695241,133.10385742,43.38970335
15.06.1948,83.79071647,183.74338923,96.81440509,98.36102932,162.45706701,264.10370650,138.62953325,86.15513126,190.22327228,133.12481256,43.39499605
16.06.1948,84.74545635,197.53015857,96.52859635,97.88796956,162.96319628,263.97597716,138.72076932,86.21475890,190.22012226,133.14608982,43.41465106
17.06.1948,85.69996578,211.09146922,96.18076409,97.38472364,163.47211012,263.84831434,138.81311165,86.27449443,190.21751062,133.16769142,43.43580924
18.06.1948,86.65426851,224.43622824,95.77625927,96.85393132,163.98376228,263.72080983,138.90654736,86.33363506,190.21544291,133.18961705,43.44455359
19.06.1948,87.60838769,237.57428092,95.32136748,96.29853953,164.49810720,263.59355103,139.00106072,86.39348879,190.21392124,133.21186315,43.42872523
20.06.1948,88.56234502,250.51311767,94.82327659,95.72177956,165.01510012,263.46662121,139.09663321,86.45317563,190.21294446,133.23442293,43.38024037
21.06.1948,89.51616068,263.25743305,94.29000830,95.12713675,165.53469766,263.34010045,139.19324420,86.51282111,190.21250883,133.25728719,43.29654794
22.06.1948,90.46985374,275.81106502,93.73031276,94.51831348,166.05685876,263.21406710,139.29087212,86.57242574,190.21260933,133.28044539,43.18105502
23.06.1948,91.42344271,288.18043795,93.15352863,93.89918599,166.58154551,263.08859921,139.38949562,86.63197792,190.21324088,133.30388705,43.04251902
24.06.1948,92.37694612,300.37846481,92.56941354,93.27375610,167.10872382,262.96377566,139.48909456,86.69146437,190.21439944,133.32760267,42.89355428
25.06.1948,93.33038268,312.42797214,91.98795286,92.64609940,167.63836344,262.83967682,139.58965050,86.75087241,190.21608253,133.35158435,42.74851269
26.06.1948,94.28377124,324.36401650,91.41915719,92.02031132,168.17043776,262.71638471,139.69114681,86.81019071,190.21828941,133.37582589,42.62107294
27.06.1948,95.23713071,336.23482207,90.87285960,91.40045313,168.70492347,262.59398292,139.79356856,86.86940939,190.22102101,133.40032280,42.52191256
28.06.1948,96.19047986,348.10134977,90.35852417,90.79049930,169.24180013,262.47255648,139.89690241,86.92851998,190.22427983,133.42507214,42.45683031
29.06.1948,97.14383706,0.03560841,89.88507553,90.19428766,169.78104978,262.35219150,140.00113629,86.98751523,190.22806966,133.45007228,42.42562573
30.06.1948,98.09721981,12.11774447,89.46075747,89.61547358,170.32265637,262.23297481,140.10625902,87.04638874,190.23239522,133.47532250,42.42193565

July,,,,,,,,,,,
01.07.1948,99.05064409,24.43174490,89.09302580,89.05748926,170.86660524,262.11499343,140.21225985,87.10513451,190.23726171,133.50082259,42.43409855
02.07.1948,100.00412357,37.05937739,88.78847786,88.52350919,171.41288238,261.99833418,140.31912792,87.16374651,190.24267432,133.52657233,42.44698536
03.07.1948,100.95766838,50.07193168,88.55281822,88.01642221,171.96147345,261.88308295,140.42685152,87.22221791,190.24863755,133.55257080,42.44460449
04.07.1948,101.91128351,63.51964713,88.39085734,87.53881083,172.51236212,261.76932354,140.53541685,87.28053995,190.25515403,133.57881520,42.41315261
05.07.1948,102.86496673,77.41967572,88.30653920,87.09293833,173.06552786,261.65713610,140.64480638,87.33870043,190.26222296,133.60529932,42.34402777
06.07.1948,103.81870732,91.74510071,88.30299295,86.68074506,173.62094394,261.54659576,140.75499762,87.39668255,190.26983889,133.63201235,42.23615732
07.07.1948,104.77248675,106.41932510,88.38260370,86.30385481,174.17857694,261.43777253,140.86596332,87.45446526,190.27799201,133.65893919,42.09690496
08.07.1948,105.72628200,121.32056167,88.54709686,85.96359108,174.73838842,261.33073303,140.97767376,87.51202562,190.28667028,133.68606265,41.94098841
09.07.1948,106.68007101,136.29850218,88.79762919,85.66100052,175.30033839,261.22554337,141.09010047,87.56934249,190.29586301,133.71336713,41.78736683
10.07.1948,107.63383803,151.19975728,89.13487939,85.39687895,175.86438924,261.12227184,141.20321968,87.62639999,190.30556418,133.74084196,41.65468074
11.07.1948,108.58757691,165.89370266,89.55913195,85.17179540,176.43050796,261.02098968,141.31701389,87.68318883,190.31577371,133.76848271,41.55653250
12.07.1948,109.54129114,180.29000459,90.07035028,84.98611170,176.99866621,260.92176955,141.43147084,87.73970512,190.32649623,133.79629001,41.49814400
13.07.1948,110.49499151,194.34368065,90.66823827,84.83999795,177.56883860,260.82468260,141.54658066,87.79594734,190.33773822,133.82426658,41.47512675
14.07.1948,111.44869286,208.04934059,91.35229077,84.73344630,178.14100055,260.72979563,141.66233298,87.85191330,190.34950497,133.85241422,41.47476564
15.07.1948,112.40241164,221.42947900,92.12183378,84.66628483,178.71512700,260.63716944,141.77871499,87.90759810,190.36179872,133.88073186,41.47906925
16.07.1948,113.35616458,234.52165197,92.97605463,84.63819274,179.29119219,260.54685859,141.89571089,87.96299354,190.37461816,133.90921503,41.46868486
17.07.1948,114.30996823,247.36766710,93.91402124,84.64871649,179.86917008,260.45891214,142.01330222,88.01808845,190.38795881,133.93785620,41.42676796
18.07.1948,115.26383906,260.00615078,94.93469001,84.69728619,180.44903510,260.37337465,142.13146863,88.07286938,190.40181387,133.96664560,41.34205344
19.07.1948,116.21779365,272.46870570,96.03690205,84.78323187,181.03076297,260.29028737,142.25018867,88.12732154,190.41617511,133.99557207,41.21070566
20.07.1948,117.17184918,284.77928154,97.21936806,84.90579924,181.61433151,260.20968948,142.36944087,88.18142980,190.43103396,134.02462414,41.03678934
21.07.1948,118.12602389,296.95608259,98.48064220,85.06416457,182.19972146,260.13161921,142.48920458,88.23517962,190.44638250,134.05379101,40.83140906
22.07.1948,119.08033735,309.01516847,99.81908599,85.25744847,182.78691692,260.05611476,142.60946072,88.28855782,190.46221420,134.08306328,40.61073823
23.07.1948,120.03481034,320.97481783,101.23282373,85.48472821,183.37590547,259.98321471,142.73019202,88.34155287,190.47852421,134.11243324,40.39329559
24.07.1948,120.98946462,332.85977737,102.71969212,85.74504881,183.96667786,259.91295807,142.85138297,88.39415489,190.49530944,134.14189489,40.19691123
25.07.1948,121.94432247,344.70469000,104.27718775,86.03743285,184.55922772,259.84538425,142.97301966,88.44635552,190.51256834,134.17144383,40.03584732
26.07.1948,122.89940645,356.55626243,105.90241697,86.36088926,185.15355116,259.78053293,143.09508962,88.49814778,190.53030083,134.20107708,39.91849905
27.07.1948,123.85473885,8.47395369,107.59205314,86.71442072,185.74964628,259.71844372,143.21758142,88.54952576,190.54850793,134.23079277,39.84600769
28.07.1948,124.81034108,20.52907304,109.34230717,87.09702969,186.34751253,259.65915574,143.34048418,88.60048411,190.56719125,134.26058962,39.81198895
29.07.1948,125.76623278,32.80210254,111.14891680,87.50772329,186.94714996,259.60270696,143.46378686,88.65101737,190.58635236,134.29046629,39.80344437
30.07.1948,126.72243094,45.37785435,113.00715989,87.94551701,187.54855845,259.54913374,143.58747768,88.70111942,190.60599219,134.32042084,39.80279814
31.07.1948,127.67894875,58.33785838,114.91189417,88.40943750,188.15173687,259.49847016,143.71154336,88.75078282,190.62611040,134.35044997,39.79087646

August,,,,,,,,,,,
01.08.1948,128.63579403,71.74940513,116.85762413,88.89852438,188.75668171,259.45074713,143.83596813,88.79999781,190.64670436,134.38054816,39.75048844
02.08.1948,129.59296724,85.65135029,118.83859225,89.41183164,189.36338532,259.40599116,143.96073236,88.84875111,190.66776790,134.41070630,39.67005912
03.08.1948,130.55046011,100.03852171,120.84889029,89.94842960,189.97183444,259.36422341,144.08581174,88.89702517,190.68929054,134.44091104,39.54654488
04.08.1948,131.50825612,114.84924831,122.88258292,90.50740939,190.58201008,259.32546020,144.21117795,88.94479899,190.71125813,134.47114546,39.38674800
05.08.1948,132.46633363,129.96272671,124.93383594,91.08789022,191.19388953,259.28971527,144.33680144,88.99205095,190.73365559,134.50139187,39.20632804
06.08.1948,133.42467108,145.21186353,126.99703833,91.68902847,191.80744982,259.25700308,144.46265535,89.03876282,190.75647072,134.53163578,39.02636341
07.08.1948,134.38325215,160.41112709,129.06690834,92.31002550,192.42267092,259.22734130,144.58871884,89.08492293,190.77969723,134.56186898,38.86802842
08.08.1948,135.34206858,175.39063305,131.13857572,92.95013106,193.03953698,259.20075083,144.71497769,89.13052665,190.80333519,134.59208998,38.74731037
09.08.1948,136.30111986,190.02378187,133.20763670,93.60864134,193.65803511,259.17725331,144.84142214,89.17557401,190.82738860,134.62230158,38.67097063
10.08.1948,137.26041055,204.23984860,135.27018287,94.28489307,194.27815272,259.15686735,144.96804316,89.22006570,190.85186156,134.65250687,38.63519924
11.08.1948,138.21994745,218.02122439,137.32280939,94.97825664,194.89987538,259.13960572,145.09482922,89.26399976,190.87675507,134.68270599,38.62703157
12.08.1948,139.17973792,231.39097004,139.36260325,95.68813066,195.52318621,259.12547447,145.22176507,89.30737015,190.90206574,134.71289477,38.62768469
13.08.1948,140.13978965,244.39735465,141.38710202,96.41393870,196.14806668,259.11447392,145.34883215,89.35016723,190.92778640,134.74306529,38.61681905
14.08.1948,141.10011119,257.09993230,143.39428143,97.15512742,196.77449807,259.10660033,145.47600996,89.39237899,190.95390741,134.77320722,38.57664799
15.08.1948,142.06071243,269.55913086,145.38251752,97.91116548,197.40246257,259.10184746,145.60327720,89.43399231,190.98041794,134.80330907,38.49514575
16.08.1948,143.02160490,281.82965085,147.35053078,98.68154254,198.03194414,259.10020765,145.73061266,89.47499379,191.00730688,134.83335914,38.36793031
17.08.1948,143.98280200,293.95724135,149.29734404,99.46576857,198.66292900,259.10167273,145.85799516,89.51537053,191.03456361,134.86334619,38.19867959
18.08.1948,144.94431928,305.97823683,151.22224104,100.26337330,199.29540621,259.10623487,145.98539903,89.55511072,191.06217866,134.89326018,37.99817595
19.08.1948,145.90617460,317.92123154,153.12472652,101.07390562,199.92936803,259.11388713,146.11277590,89.59420421,191.09014417,134.92309269,37.78225808
20.08.1948,146.86838793,329.81026022,155.00448945,101.89693273,200.56480989,259.12462373,146.24012134,89.63264257,191.11845409,134.95283711,37.56908287
21.08.1948,147.83098094,341.66881441,156.86136976,102.73203902,201.20173016,259.13844002,146.36748967,89.67041902,191.14710403,134.98248848,37.37616003
22.08.1948,148.79397647,353.52400396,158.69532879,103.57882507,201.84012977,259.15533230,146.49483701,89.70752815,191.17609100,135.01204326,37.21761338
23.08.1948,149.75739800,5.41022116,160.50642360,104.43690654,202.48001182,259.17529764,146.62213574,89.74396571,191.20541322,135.04149908,37.10204931
24.08.1948,150.72126901,17.37177607,162.29478447,105.30591310,203.12138104,259.19833359,146.74937282,89.77972823,191.23506971,135.07085438,37.03129621
25.08.1948,151.68561212,29.46408756,164.06059535,106.18548707,203.76424306,259.22443753,146.87653723,89.81481239,191.26505962,135.10010776,37.00015468
26.08.1948,152.65044796,41.75307535,165.80407680,107.07528188,204.40860347,259.25360598,147.00361719,89.84921424,191.29538151,135.12925719,36.99719673
27.08.1948,153.61579423,54.31233797,167.52547146,107.97496065,205.05446696,259.28583392,147.13059933,89.88292853,191.32603264,135.15829935,37.00656659
28.08.1948,154.58166460,67.21756459,169.22503139,108.88419471,205.70183658,259.32111425,147.25746796,89.91594816,191.35700834,135.18722903,37.01063418
29.08.1948,155.54806749,80.53757309,170.90300704,109.80266210,206.35071278,259.35943714,147.38420451,89.94826346,191.38830139,135.21603845,36.99320247
30.08.1948,156.51500466,94.32171224,172.55963728,110.73004611,207.00109231,259.40078930,147.51078670,89.97986160,191.41990128,135.24471660,36.94278234
31.08.1948,157.48247018,108.58455324,174.19514097,111.66603471,207.65296750,259.44515372,147.63718837,90.01072643,191.45179402,135.27324906,36.85527632

September,,,,,,,,,,,
01.09.1948,158.45045096,123.29104989,175.80971067,112.61032198,208.30632673,259.49251061,147.76338071,90.04083978,191.48396334,135.30161920,36.73530538
02.09.1948,159.41892936,138.34797469,177.40350878,113.56261211,208.96115653,259.54283995,147.88933506,90.07018445,191.51639354,135.32981114,36.59547212
03.09.1948,160.38788719,153.60824826,178.97666524,114.52262507,209.61744454,259.59612450,148.01502664,90.09874784,191.54907293,135.35781326,36.45350707
04.09.1948,161.35730943,168.89120583,180.52927486,115.49010154,210.27518155,259.65235166,148.14043699,90.12652442,191.58199618,135.38562055,36.32785283
05.09.1948,162.32718595,184.01421440,182.06139285,116.46480495,210.93436139,259.71151259,148.26555369,90.15351522,191.61516377,135.41323414,36.23305120
06.09.1948,163.29751071,198.82445368,183.57302806,117.44651958,211.59497863,259.77359888,148.39036738,90.17972465,191.64857878,135.44065809,36.17614600
07.09.1948,164.26827963,213.21978341,185.06413521,118.43504615,212.25702551,259.83859858,148.51486770,90.20515614,191.68224268,135.46789511,36.15539737
08.09.1948,165.23948872,227.15419527,186.53460784,119.43019719,212.92049014,259.90649353,148.63904029,90.22980908,191.71615243,135.49494359,36.16125653
09.09.1948,166.21113381,240.63070249,187.98427278,120.43179408,213.58535678,259.97725936,148.76286631,90.25367810,191.75029992,135.52179698,36.17905513
10.09.1948,167.18321159,253.68789110,189.41288574,121.43966591,214.25160771,260.05086728,148.88632371,90.27675440,191.78467342,135.54844522,36.19249416
11.09.1948,168.15572089,266.38562238,190.82012660,122.45364934,214.91922547,260.12728649,149.00938920,90.29902774,191.81925966,135.57487672,36.18703271
12.09.1948,169.12866345,278.79298345,192.20559342,123.47358845,215.58819433,260.20648593,149.13203970,90.32048794,191.85404537,135.60107992,36.15252507
13.09.1948,170.10204406,290.97949861,193.56879496,124.49933437,216.25850093,260.28843521,149.25425303,90.34112562,191.88901804,135.62704403,36.08475534
14.09.1948,171.07587043,303.00947327,194.90914195,125.53074485,216.93013452,260.37310506,149.37600825,90.36093259,191.92416629,135.65275940,35.98576950
15.09.1948,172.05015318,314.93895463,196.22593740,126.56768400,217.60308714,260.46046776,149.49728594,90.37990216,191.95948023,135.67821786,35.86310396
16.09.1948,173.02490582,326.81479007,197.51836579,127.61002208,218.27735383,260.55049742,149.61806841,90.39802943,191.99495172,135.70341300,35.72816676
17.09.1948,174.00014464,338.67535190,198.78548080,128.65763516,218.95293257,260.64317012,149.73833977,90.41531130,192.03057439,135.72834018,35.59412867
18.09.1948,174.97588826,350.55255531,200.02619132,129.71040440,219.62982407,260.73846372,149.85808561,90.43174630,192.06634343,135.75299632,35.47370963
19.09.1948,175.95215711,2.47476900,201.23924581,130.76821534,220.30803133,260.83635765,149.97729271,90.44733424,192.10225532,135.77737962,35.37720282
20.09.1948,176.92897274,14.47015480,202.42321478,131.83095700,220.98755927,260.93683251,150.09594858,90.46207582,192.13830739,135.80148914,35.31099053
21.09.1948,177.90635702,26.56989453,203.57647116,132.89852091,221.66841405,261.03986965,150.21404093,90.47597216,192.17449732,135.82532426,35.27670737
22.09.1948,178.88433106,38.81073701,204.69716840,133.97079989,222.35060225,261.14545043,150.33155685,90.48902400,192.21082241,135.84888401,35.27112003
23.09.1948,179.86291391,51.23629317,205.78321621,135.04768682,223.03412986,261.25355537,150.44848196,90.50123095,192.24727870,135.87216615,35.28672589
24.09.1948,180.84212143,63.89652721,206.83225413,136.12907342,223.71900135,261.36416345,150.56479961,90.51259072,192.28386027,135.89516649,35.31301428
25.09.1948,181.82196535,76.84491664,207.84162313,137.21484945,224.40521906,261.47725159,150.68049038,90.52309868,192.32055875,135.91787842,35.33826600
26.09.1948,182.80245246,90.13281715,208.80833519,138.30490208,225.09278268,261.59279443,150.79553188,90.53274776,192.35736311,135.94029273,35.35167175
27.09.1948,183.78358396,103.80082944,209.72904122,139.39911548,225.78168891,261.71076423,150.90989865,90.54152844,192.39425970,135.96239759,35.34543179
28.09.1948,184.76535526,117.86765433,210.59999811,140.49737125,226.47193166,261.83113136,151.02356283,90.54942944,192.43123281,135.98417924,35.31639800
29.09.1948,185.74775680,132.31820296,211.41703638,141.59954994,227.16350303,261.95386568,151.13649569,90.55643944,192.46826627,136.00562356,35.26679954
30.09.1948,186.73077598,147.09440995,212.17552993,142.70553417,227.85639523,262.07893882,151.24867030,90.56254974,192.50534607,136.02671870,35.20372317

October,,,,,,,,,,,
01.10.1948,187.71439963,162.09329174,212.87036958,143.81521232,228.55060263,262.20632642,151.36006422,90.56775698,192.54246294,136.04745777,35.13740705
02.10.1948,188.69861567,177.17578350,213.49594259,144.92848145,229.24612244,262.33600889,151.47066086,90.57206443,192.57961350,136.06783995,35.07860589
03.10.1948,189.68341320,192.18608926,214.04612213,146.04524803,229.94295337,262.46796977,151.58044827,90.57548061,192.61679877,136.08786920,35.03602256
04.10.1948,190.66878105,206.97630951,214.51427365,147.16542638,230.64109259,262.60219205,151.68941587,90.57801580,192.65401960,136.10755072,35.01424585
05.10.1948,191.65470616,221.42846510,214.89328806,148.28893601,231.34053273,262.73865450,151.79755067,90.57967801,192.69126673,136.12688701,35.01306692
06.10.1948,192.64117305,235.46768807,215.17565405,149.41569947,232.04126062,262.87732958,151.90483505,90.58047055,192.72850842,136.14587555,35.02798972
07.10.1948,193.62816508,249.06486047,215.35358335,150.54564182,232.74325835,263.01818403,152.01124684,90.58039201,192.76575923,136.16450887,35.05171344
08.10.1948,194.61566673,262.23103736,215.41920459,151.67869126,233.44650597,263.16118129,152.11676123,90.57943812,192.80304660,136.18277651,35.07602570
09.10.1948,195.60366569,275.00761618,215.36484267,152.81478021,234.15098418,263.30628412,152.22135307,90.57760413,192.84033075,136.20066740,35.09359877
10.10.1948,196.59215393,287.45569795,215.18340233,153.95384566,234.85667608,263.45345653,152.32499844,90.57488637,192.87758648,136.21817148,35.09933121
11.10.1948,197.58112774,299.64669355,214.86887261,155.09582894,235.56356774,263.60266449,152.42767514,90.57128287,192.91479972,136.23528037,35.09104990
12.10.1948,198.57058726,311.65496162,214.41696273,156.24067512,236.27164817,263.75387606,152.52936281,90.56679351,192.95195975,136.25198737,35.06954829
13.10.1948,199.56053611,323.55249657,213.82586473,157.38833266,236.98090917,263.90706138,152.63004278,90.56141992,192.98905763,136.26828752,35.03806176
14.10.1948,200.55098116,335.40537247,213.09711382,158.53875318,237.69134528,264.06219275,152.72969811,90.55516554,193.02608611,136.28417757,35.00136532
15.10.1948,201.54193238,347.27161347,212.23648333,159.69189124,238.40295369,264.21924456,152.82831353,90.54803562,193.06303947,136.29965597,34.96471755
16.10.1948,202.53340255,359.20023999,211.25481078,160.84770396,239.11573404,264.37819315,152.92587517,90.54003694,193.09991346,136.31472260,34.93286231
17.10.1948,203.52540678,11.23132610,210.16861308,162.00615041,239.82968805,264.53901642,153.02237016,90.53117742,193.13670479,136.32937844,34.90925163
18.10.1948,204.51796188,23.39693327,209.00032616,163.16719081,240.54481902,264.70169341,153.11778607,90.52146565,193.17341076,136.34362503,34.89558879
19.10.1948,205.51108542,35.72274114,207.77801474,164.33078544,241.26113114,264.86620361,153.21211019,90.51091015,193.21002847,136.35746376,34.89172777
20.10.1948,206.50479452,48.23009062,206.53445383,165.49689339,241.97862855,265.03252616,153.30532857,90.49951857,193.24655403,136.37089502,34.89591065
21.10.1948,207.49910446,60.93802513,205.30558672,166.66547112,242.69731434,265.20063890,153.39742510,90.48729671,193.28298158,136.38391729,34.90527964
22.10.1948,208.49402739,73.86480554,204.12849294,167.83647133,243.41718963,265.37051767,153.48838076,90.47424795,193.31930266,136.39652647,34.91656352
23.10.1948,209.48957152,87.02833542,203.03911646,169.00984238,244.13825315,265.54213605,153.57817339,90.46037307,193.35550597,136.40871570,34.92680700
24.10.1948,210.48574075,100.44499795,202.07006896,170.18552824,244.86050128,265.71546562,153.66677808,90.44567068,193.39157776,136.42047572,34.93399352
25.10.1948,211.48253482,114.12661127,201.24880960,171.36346911,245.58392853,265.89047671,153.75416796,90.43013818,193.42750268,136.43179580,34.93741491
26.10.1948,212.47994985,128.07559234,200.59641684,172.54360255,246.30852852,266.06713958,153.84031567,90.41377314,193.46326513,136.44266514,34.93767362
27.10.1948,213.47797940,142.27899293,200.12704113,173.72586523,247.03429517,266.24542594,153.92519510,90.39657525,193.49885105,136.45307460,34.93628337
28.10.1948,214.47661567,156.70276487,199.84800119,174.91019499,247.76122412,266.42531064,154.00878343,90.37854822,193.53424975,136.46301870,34.93497656
29.10.1948,215.47585038,171.28819799,199.76039397,176.09653263,248.48931350,266.60677262,154.09106248,90.35970117,193.56945523,136.47249689,34.93506930
30.10.1948,216.47567462,185.95254643,199.86004476,177.28482258,249.21856326,266.78979448,154.17201869,90.34004849,193.60446596,136.48151339,34.93677620
31.10.1948,217.47607746,200.59506300,200.13862392,178.47501223,249.94897305,266.97436022,154.25164131,90.31960785,193.63928286,136.49007517,34.93916346

November,,,,,,,,,,,
01.11.1948,218.47704399,215.10799379,200.58478464,179.66705010,250.68053908,267.16045192,154.32991930,90.29839689,193.67390606,136.49818871,34.94042035
02.11.1948,219.47855414,229.39024519,201.18521962,180.86088428,251.41325171,267.34804684,154.40683847,90.27643012,193.70833188,136.50585695,34.93849590
03.11.1948,220.48058306,243.36033401,201.92557439,182.05646201,252.14709472,267.53711622,154.48238014,90.25371736,193.74255150,136.51307785,34.93188037
04.11.1948,221.48310343,256.96556993,202.79118963,183.25373075,252.88204697,267.72762630,154.55652183,90.23026435,193.77655164,136.51984508,34.92023061
05.11.1948,222.48608862,270.18590341,203.76766924,184.45264020,253.61808522,267.91954089,154.62923938,90.20607476,193.81031680,136.52615011,34.90467070
06.11.1948,223.48951544,283.03268279,204.84128684,185.65314406,254.35518708,268.11282398,154.70050919,90.18115250,193.84383160,136.53198460,34.88768095
07.11.1948,224.49336563,295.54380803,205.99925266,186.85520092,255.09333284,268.30744155,154.77030975,90.15550327,193.87708243,136.53734196,34.87259811
08.11.1948,225.49762606,307.77713198,207.22986686,188.05877391,255.83250610,268.50336220,154.83862208,90.12913511,193.91005795,136.54221789,34.86285605
09.11.1948,226.50228819,319.80361335,208.52258542,189.26383064,256.57269359,268.70055711,154.90542954,90.10205823,193.94274899,136.54661024,34.86115331
10.11.1948,227.50734738,331.70110745,209.86802252,190.47034159,257.31388483,268.89899971,154.97071751,90.07428475,193.97514826,136.55051873,34.86873199
11.11.1948,228.51280246,343.54910089,211.25790912,191.67828037,258.05607183,269.09866552,155.03447316,90.04582851,194.00725010,136.55394475,34.88491795
12.11.1948,229.51865545,355.42433028,212.68502360,192.88762319,258.79924885,269.29953192,155.09668526,90.01670484,194.03905033,136.55689114,34.90702333
13.11.1948,230.52491126,7.39707580,214.14310638,194.09834860,259.54341224,269.50157795,155.15734387,89.98693037,194.07054597,136.55936199,34.93064567
14.11.1948,231.53157744,19.52794209,215.62676719,195.31043707,260.28856003,269.70478397,155.21643999,89.95652255,194.10173490,136.56136221,34.95032613
15.11.1948,232.53866366,31.86507313,217.13139133,196.52387025,261.03469155,269.90913110,155.27396490,89.92549914,194.13261522,136.56289693,34.96047563
16.11.1948,233.54618086,44.44193732,218.65304879,197.73863003,261.78180662,270.11460050,155.32990933,89.89387732,194.16318448,136.56397075,34.95644517
17.11.1948,234.55414017,57.27599592,220.18840872,198.95469715,262.52990470,270.32117236,155.38426234,89.86167273,194.19343864,136.56458667,34.93558170
18.11.1948,235.56255152,70.36865245,221.73466109,200.17204975,263.27898380,270.52882500,155.43701037,89.82889850,194.22337114,136.56474515,34.89806699
19.11.1948,236.57142238,83.70680178,223.28944616,201.39066218,264.02903979,270.73753417,155.48813649,89.79556469,194.25297221,136.56444349,34.84731354
20.11.1948,237.58075717,97.26597989,224.85079237,202.61050458,264.78006630,270.94727318,155.53762061,89.76167855,194.28222912,136.56367608,34.78972005
21.11.1948,238.59055729,111.01464692,226.41706254,203.83154331,265.53205539,271.15801382,155.58544056,89.72724567,194.31112724,136.56243549,34.73367610
22.11.1948,239.60082191,124.91866206,227.98690761,205.05374233,266.28499888,271.36972794,155.63157390,89.69227185,194.33965175,136.56071425,34.68787101
23.11.1948,240.61154887,138.94477575,229.55922685,206.27706478,267.03888970,271.58238918,155.67599994,89.65676516,194.36778968,136.55850689,34.65923838
24.11.1948,241.62273554,153.06215384,231.13313349,207.50147455,267.79372309,271.79597433,155.71870150,89.62073762,194.39553148,136.55581159,34.65111069
25.11.1948,242.63437897,167.24152608,232.70792454,208.72693714,268.54949683,272.01046395,155.75966582,89.58420607,194.42287181,136.55263097,34.66194334
26.11.1948,243.64647518,181.45235100,234.28305399,209.95341971,269.30621059,272.22584182,155.79888447,89.54719194,194.44980932,136.54897189,34.68528434
27.11.1948,244.65901772,195.65913171,235.85810874,211.18089011,270.06386420,272.44209337,155.83635204,89.50971980,194.47634513,136.54484398,34.71097042
28.11.1948,245.67199564,209.81847344,237.43278713,212.40931534,270.82245512,272.65920328,155.87206402,89.47181500,194.50248063,136.54025733,34.72722193
29.11.1948,246.68539171,223.87845914,239.00688022,213.63865992,271.58197610,272.87715292,155.90601444,89.43350116,194.52821492,136.53522004,34.72326798
30.11.1948,247.69918182,237.78133438,240.58025643,214.86888515,272.34241358,273.09591869,155.93819417,89.39479824,194.55354309,136.52973633,34.69175605

December,,,,,,,,,,,
01.12.1948,248.71333592,251.46942148,242.15284961,216.09994962,273.10374787,273.31547179,155.96859065,89.35572205,194.57845581,136.52380617,34.63041239
02.12.1948,249.72782056,264.89298288,243.72465031,217.33181109,273.86595482,273.53577956,155.99718890,89.31628521,194.60294051,136.51742634,34.54261844
03.12.1948,250.74260214,278.01798739,245.29569932,218.56442891,274.62900849,273.75680782,156.02397355,89.27649906,194.62698336,136.51059240,34.43679781
04.12.1948,251.75764982,290.83179704,246.86608221,219.79776621,275.39288376,273.97852310,156.04893080,89.23637568,194.65057139,136.50330076,34.32479278
05.12.1948,252.77293730,303.34564559,248.43592400,221.03179108,276.15755808,274.20089424,156.07204965,89.19592914,194.67369384,136.49554996,34.21960470
06.12.1948,253.78844340,315.59390452,250.00538353,222.26647667,276.92301209,274.42389294,156.09332231,89.15517592,194.69634257,136.48734114,34.13294807
07.12.1948,254.80415169,327.63094527,251.57464791,223.50180063,277.68922958,274.64749358,156.11274385,89.11413475,194.71851188,136.47867781,34.07307293
08.12.1948,255.82004983,339.52667105,253.14392727,224.73774435,278.45619697,274.87167281,156.13031180,89.07282608,194.74019805,136.46956542,34.04324024
09.12.1948,256.83612900,351.36157754,254.71345009,225.97429232,279.22390292,275.09640918,156.14602565,89.03127174,194.76139892,136.46001090,34.04108816
10.12.1948,257.85238336,3.22177309,256.28345943,227.21143161,279.99233794,275.32168271,156.15988652,88.98949458,194.78211355,136.45002239,34.05895261
11.12.1948,258.86880983,15.19397844,257.85421039,228.44915160,280.76149411,275.54747467,156.17189682,88.94751811,194.80234188,136.43960882,34.08506224
12.12.1948,259.88540775,27.36026310,259.42596822,229.68744354,281.53136470,275.77376712,156.18205981,88.90536609,194.82208435,136.42877960,34.10542947
13.12.1948,260.90217862,39.79222978,260.99899607,230.92630012,282.30194384,276.00054250,156.19037904,88.86306197,194.84134132,136.41754396,34.10619096
14.12.1948,261.91912555,52.54457696,262.57354326,232.16571465,283.07322582,276.22778281,156.19685749,88.82062807,194.86011227,136.40591022,34.07609438
15.12.1948,262.93625246,65.64848159,264.14986541,233.40567994,283.84520426,276.45546870,156.20149640,88.77808451,194.87839477,136.39388468,34.00877611
16.12.1948,263.95356297,79.10598454,265.72821668,234.64618698,284.61787121,276.68357840,156.20429421,88.73544817,194.89618336,136.38147058,33.90442030
17.12.1948,264.97105962,92.88725973,267.30883622,235.88722390,285.39121665,276.91208721,156.20524593,88.69273224,194.91346910,136.36866763,33.77035630
18.12.1948,265.98874365,106.93277049,268.89194539,237.12877585,286.16522890,277.14096804,156.20434369,88.64994691,194.93024013,136.35547258,33.62021211
19.12.1948,267.00661567,121.16130509,270.47774610,238.37082600,286.93989606,277.37019303,156.20157866,88.60710131,194.94648347,136.34188118,33.47149038
20.12.1948,268.02467677,135.48278459,272.06641844,239.61335725,287.71520801,277.59973588,156.19694367,88.56420621,194.96218766,136.32789073,33.34189398
21.12.1948,269.04292942,149.81249615,273.65811725,240.85635385,288.49115805,277.82957390,156.19043572,88.52127649,194.97734510,136.31350254,33.24524411
22.12.1948,270.06137727,164.08251898,275.25296662,242.09980218,289.26774327,278.05968883,156.18205726,88.47833229,194.99195307,136.29872302,33.18802401
23.12.1948,271.08002374,178.24724169,276.85105216,243.34369005,290.04496350,278.29006603,156.17181584,88.43539847,195.00601330,136.28356319,33.16751112
24.12.1948,272.09886982,192.28229198,278.45241116,244.58800513,290.82281898,278.52069253,156.15972245,88.39250279,195.01953006,136.26803682,33.17225327
25.12.1948,273.11791165,206.17846698,280.05702120,245.83273293,291.60130785,278.75155458,156.14578934,88.34967349,195.03250789,136.25215809,33.18446672
26.12.1948,274.13713873,219.93340162,281.66478775,247.07785530,292.38042392,278.98263560,156.13002801,88.30693706,195.04494941,136.23593942,33.18390908
27.12.1948,275.15653313,233.54373600,283.27553094,248.32334958,293.16015540,279.21391491,156.11244789,88.26431677,195.05685402,136.21939010,33.15218307
28.12.1948,276.17606982,246.99989448,284.88897142,249.56918890,293.94048467,279.44536766,156.09305598,88.22183215,195.06821743,136.20251577,33.07650982
29.12.1948,277.19571815,260.28464169,286.50471496,250.81534328,294.72138917,279.67696627,156.07185734,88.17949939,195.07903226,136.18531898,32.95222550
30.12.1948,278.21544414,273.37551999,288.12223510,252.06178159,295.50284306,279.90868449,156.04885641,88.13733254,195.08928929,136.16780039,32.78359411
31.12.1948,279.23521321,286.25024512,289.74085311,253.30847373,296.28481938,280.14051587,156.02405857,88.09534510,195.09897917,136.14996046,32.58286285

January,,,,,,,,,,,
